<?xml version="1.0" encoding="UTF-8"?>
<project-private xmlns="http://www.netbeans.org/ns/project-private/1">
    <editor-bookmarks xmlns="http://www.netbeans.org/ns/editor-bookmarks/2" lastBookmarkId="0"/>
    <open-files xmlns="http://www.netbeans.org/ns/projectui-open-files/2">
        <group>
            <file>file:/C:/Users/luis/Desktop/DemoMVC/src/com/demo/controller/ControllerLogin.java</file>
            <file>file:/C:/Users/luis/Desktop/DemoMVC/src/com/demo/view/Logup.java</file>
            <file>file:/C:/Users/luis/Desktop/DemoMVC/src/com/demo/model/Model.java</file>
            <file>file:/C:/Users/luis/Desktop/DemoMVC/src/demomvc/DemoMVC.java</file>
            <file>file:/C:/Users/luis/Desktop/DemoMVC/src/com/demo/view/Vista.java</file>
            <file>file:/C:/Users/luis/Desktop/DemoMVC/src/com/demo/view/Recuperar.java</file>
            <file>file:/C:/Users/luis/Desktop/DemoMVC/src/com/demo/view/VistaLogin.java</file>
            <file>file:/C:/Users/luis/Desktop/DemoMVC/src/com/demo/model/ModeloUsuario.java</file>
        </group>
    </open-files>
</project-private>
